{
    "devices": [
        {
            "manufacturerId": "FlyFish",
            "manufacturerName": "FlyFish",
            "model": "SHIoTDevice",
            "protocolType": "CoAP",
            "deviceType": "MultiSensor",
            "serviceTypeCapabilities": [
                {
                    "serviceId": "Temperature",
                    "serviceType": "Temperature",
                    "option": "Master"
                },
                {
                    "serviceId": "Humidity",
                    "serviceType": "Humidity",
                    "option": "Mandatory"
                },
                {
                    "serviceId": "NTC",
                    "serviceType": "NTC",
                    "option": "Mandatory"
                },
                {
                    "serviceId": "Smoke",
                    "serviceType": "Smoke",
                    "option": "Mandatory"
                },
                {
                    "serviceId": "CO",
                    "serviceType": "CO",
                    "option": "Mandatory"
                },
                {
                    "serviceId": "Human",
                    "serviceType": "Human",
                    "option": "Mandatory"
                },
                {
                    "serviceId": "Light",
                    "serviceType": "Light",
                    "option": "Optional"
                }
            ]
        }
    ]
}