{
    "services": [
        {
            "serviceType": "Humidity",
            "description": "Humidity",
            "commands": null,
            "properties": [
                {
                    "propertyName": "humidity",
                    "dataType": "int",
                    "required": true,
                    "min": -100,
                    "max": 100,
                    "step": 1,
                    "maxLength": null,
                    "method": "RE",
                    "unit": "C",
                    "enumList": null
                }                
            ]
        }
    ]
}