{
    "services": [
        {
            "serviceType": "Smoke",
            "description": "Smoke",
            "commands": null,
            "properties": [
                {
                    "propertyName": "smoke",
                    "dataType": "int",
                    "required": true,
                    "min": 0,
                    "max": 255,
                    "step": 1,
                    "maxLength": null,
                    "method": "RE",
                    "unit": null,
                    "enumList": null
                }
            ]
        }
    ]
}