{
    "services": [
        {
            "serviceType": "Light",
            "description": "Light",
            "commands": [
                {
                    "commandName": "SWITCH_LIGHT",
                    "paras": [
                        {
                            "paraName": "value",
                            "dataType": "int",
                            "required": true,
                            "min": 0,
                            "max": 1,
                            "step": 1,
                            "maxLength": 1,
                            "unit": null,
                            "enumList": null
                        }
                    ],
					"responses": null
                }
            ],
            "properties": null
        }
    ]
}