{
    "services": [
        {
            "serviceType": "Temperature",
            "description": "Temperature",
            "commands": null,
            "properties": [
                {
                    "propertyName": "temperature",
                    "dataType": "int",
                    "required": true,
                    "min": -100,
                    "max": 100,
                    "step": 1,
                    "maxLength": null,
                    "method": "RE",
                    "unit": "C",
                    "enumList": null
                }
            ]
        }
    ]
}